{
  "sealed_pass_at_1": 0.4,
  "sealed_cost_usd": 0.1528262875,
  "dev_spent_usd": 0.07886768000000001
}
